@@,itemlabel,item,startdate,enddate
+++,Carlos P. Romulo,Q737664,1952,1953
+++,Carlos P. Romulo,Q737664,1955,1962
+++,Emilio Abella,,1962-02,1962-09
+++,Amelito Mutuc,,1962-09,1964
+++,Oscar Ledesma,,1964,1966
+++,Salvador P. Lopez,Q1423479,1968,1969
+++,Ernesto Lagdameo,,1969,1971
->,Eduardo Romualdez->Eduardo Z. Romualdez,Q2677077,1971,1982
+++,Pablo Suarez,,1992,1993
+++,Raul Rabe,,1993,1999
+++,Ernesto M. Maceda,Q674209,1999,2001
+++,Albert del Rosario,Q630905,2001,2006
+++,Willy C. Gaa,,2006,2010
+++,Jose L. Cuisia Jr.,Q16728298,2011,2016
+++,Jose Manuel Romualdez,Q64853235,2016,
